keyword,category,priority
how to get a small business loan,Financing,high
small business grants available,Financing,high
SBA loan requirements guide,Financing,high
business credit score how to build,Credit,high
small business accounting basics,Accounting,high
how to separate business personal finances,Accounting,high
LLC vs sole proprietorship taxes,Business Structure,high
quarterly estimated taxes small business,Taxes,high
business bank account requirements,Banking,high
small business bookkeeping guide,Accounting,high
invoicing tips for small business,Cash Flow,high
accounts receivable management,Cash Flow,high
cash flow management guide,Cash Flow,high
small business tax deductions,Taxes,high
home office deduction rules,Taxes,high
vehicle deduction small business,Taxes,high
business expense categories guide,Accounting,high
payroll basics small business,Payroll,high
hiring first employee guide,HR,high
independent contractor vs employee,HR,high
1099 vs W2 explained,HR,high
small business insurance requirements,Insurance,high
business liability insurance guide,Insurance,high
workers comp insurance small business,Insurance,high
small business line of credit,Financing,high
invoice factoring explained,Financing,high
small business credit card guide,Credit,high
profit margin calculation guide,Financial Planning,high
pricing strategy small business,Financial Planning,high
break even analysis explained,Financial Planning,high
small business financial statements,Accounting,high
reading a balance sheet basics,Accounting,high
income statement guide small business,Accounting,high
cash flow statement explained,Accounting,high
small business exit strategy planning,Strategy,high
business valuation methods,Strategy,high
selling a small business guide,Strategy,high
SBA 7a loan explained,Financing,high
business loan interest rates comparison,Financing,high
payroll tax obligations small business,Taxes,high
SBA 504 loan commercial property,Financing,medium
SBA microloan program,Financing,medium
USDA business loans rural,Financing,medium
CDFI lender small business,Financing,medium
startup business loan no revenue,Financing,medium
equipment financing explained,Financing,medium
equipment lease vs buy,Financing,medium
revenue-based financing explained,Financing,medium
business acquisition loan,Financing,medium
HELOC for business funding,Financing,medium
merchant cash advance risks,Financing,medium
purchase order financing,Financing,medium
invoice financing explained,Financing,medium
business line of credit vs credit card,Financing,medium
revolving credit facility,Financing,medium
commercial mortgage for business,Financing,medium
SBA commercial real estate loan,Financing,medium
QuickBooks for small business,Accounting,medium
Wave accounting free software,Accounting,medium
FreshBooks vs QuickBooks comparison,Accounting,medium
Xero accounting guide,Accounting,medium
accounting software comparison,Accounting,medium
CPA vs bookkeeper when to hire,Accounting,medium
enrolled agent vs CPA difference,Taxes,medium
small business audit risk factors,Taxes,medium
IRS audit triggers small business,Taxes,medium
schedule C explained,Taxes,medium
schedule SE self-employment tax,Taxes,medium
S-corp election benefits,Business Structure,medium
C-corp vs S-corp comparison,Business Structure,medium
pass-through taxation explained,Taxes,medium
qualified business income deduction,Taxes,medium
section 179 deduction guide,Taxes,medium
bonus depreciation 2024,Taxes,medium
retirement plan for self-employed,Benefits,medium
SEP IRA vs SIMPLE IRA,Benefits,medium
Solo 401k benefits guide,Benefits,medium
health insurance self-employed deduction,Taxes,medium
HSA for self-employed,Benefits,medium
small business employee benefits,HR,medium
group health insurance options,HR,medium
SHOP marketplace small business,HR,medium
PEO for small business,HR,medium
payroll service comparison,Payroll,medium
gusto payroll review,Payroll,medium
ADP payroll small business,Payroll,medium
FLSA compliance small business,HR,medium
overtime rules small business,HR,medium
employee classification audit,HR,medium
misclassification penalties IRS,HR,medium
business succession planning,Strategy,medium
key man insurance small business,Insurance,medium
buy-sell agreement business,Strategy,medium
life insurance for business owners,Insurance,medium
business owners policy BOP,Insurance,medium
commercial umbrella insurance,Insurance,medium
professional liability insurance,Insurance,medium
errors and omissions insurance,Insurance,medium
cyber liability insurance small business,Insurance,medium
data breach small business costs,Insurance,medium
PCI compliance explained,Banking,medium
point of sale system guide,Banking,medium
business checking account comparison,Banking,medium
ACH payment processing,Banking,medium
business credit building tips,Credit,medium
Dun and Bradstreet DUNS number,Credit,medium
Experian business credit,Credit,medium
business credit monitoring,Credit,medium
net 30 vendor accounts,Credit,medium
trade credit for business,Credit,medium
history of small business administration,General Info,low
small business definition SBA,General Info,low
small business contribution to economy,General Info,low
small business failure statistics,General Info,low
why small businesses fail,General Info,low
small business success factors,General Info,low
SCORE mentorship program,Resources,low
Small Business Development Center SBDC,Resources,low
Women's Business Center resources,Resources,low
Minority Business Development Agency,Resources,low
veteran business programs,Resources,low
HUBZone business explained,Resources,low
8a certification SBA,Resources,low
Chamber of Commerce benefits,Resources,low
industry association membership,Resources,low
networking for small business,Strategy,low
trade show ROI small business,Strategy,low
small business marketing budget,Strategy,low
local SEO for small business,Strategy,low
Google My Business optimization,Strategy,low
referral program small business,Strategy,low
customer retention vs acquisition cost,Strategy,low
customer lifetime value calculation,Strategy,low
NPS score explained,Strategy,low
business plan template guide,Strategy,low
lean business plan explained,Strategy,low
business model canvas explained,Strategy,low
SWOT analysis small business,Strategy,low
competitive analysis guide,Strategy,low
market research small business,Strategy,low
customer persona development,Strategy,low
value proposition explained,Strategy,low
pricing psychology guide,Strategy,low
loss leader strategy,Strategy,low
bundle pricing strategy,Strategy,low
subscription revenue model,Strategy,low
franchise disclosure document FDD,Strategy,low
international expansion small business,Strategy,low
export assistance small business,Resources,low
e-commerce for small business,Strategy,low
Shopify vs WooCommerce small business,Strategy,low
Amazon seller for small business,Strategy,low
Etsy shop guide small business,Strategy,low
small business loan myths,Financing,low
business funding mistakes to avoid,Financing,low
bootstrapping vs funding,Financing,low
angel investor vs venture capital,Financing,low
crowdfunding for small business,Financing,low
Kickstarter for business,Financing,low
small business accounting mistakes,Accounting,low
reconciling bank statements,Accounting,low
chart of accounts small business,Accounting,low
accounts payable management,Accounting,low
fixed vs variable expenses,Accounting,low
accrual vs cash accounting,Accounting,low
gross profit vs net profit,Accounting,low
EBITDA explained,Accounting,low
working capital explained,Accounting,low
inventory management basics,Accounting,low
depreciation methods explained,Accounting,low
estimated tax payment schedule,Taxes,low
self-employment tax explained,Taxes,low
sales tax nexus small business,Taxes,low
state income tax small business,Taxes,low
payroll tax deposit schedule,Payroll,low
W-2 form deadline small business,Payroll,low
1099-NEC form guide,HR,low
benefits required by law,HR,low
FMLA small business applicability,HR,low
ADA compliance small business,HR,low
OSHA requirements small business,HR,low
